{
  "accuracy": 0.9667999744415283,
  "loss": 0.10609843581914902,
  "training_date": "2025-04-07T05:23:43.787774",
  "input_shape": 4000
}